Image,Sunglasses
imagen_0.pgm,0
imagen_1.pgm,1
imagen_10.pgm,0
imagen_100.pgm,1
imagen_101.pgm,0
imagen_102.pgm,1
imagen_103.pgm,0
imagen_104.pgm,1
imagen_105.pgm,0
imagen_106.pgm,1
imagen_107.pgm,0
imagen_108.pgm,1
imagen_109.pgm,0
imagen_11.pgm,1
imagen_110.pgm,0
imagen_111.pgm,1
imagen_112.pgm,0
imagen_113.pgm,1
imagen_114.pgm,0
imagen_115.pgm,1
imagen_116.pgm,0
imagen_117.pgm,1
imagen_118.pgm,0
imagen_119.pgm,1
imagen_12.pgm,0
imagen_120.pgm,1
imagen_121.pgm,0
imagen_122.pgm,1
imagen_123.pgm,0
imagen_124.pgm,1
imagen_125.pgm,0
imagen_126.pgm,1
imagen_127.pgm,0
imagen_128.pgm,1
imagen_129.pgm,0
imagen_13.pgm,1
imagen_130.pgm,0
imagen_131.pgm,1
imagen_132.pgm,0
imagen_133.pgm,1
imagen_134.pgm,0
imagen_135.pgm,1
imagen_136.pgm,0
imagen_137.pgm,1
imagen_138.pgm,0
imagen_139.pgm,1
imagen_14.pgm,0
imagen_140.pgm,1
imagen_141.pgm,0
imagen_142.pgm,1
imagen_143.pgm,0
imagen_144.pgm,1
imagen_145.pgm,0
imagen_146.pgm,1
imagen_147.pgm,0
imagen_148.pgm,1
imagen_149.pgm,0
imagen_15.pgm,1
imagen_150.pgm,0
imagen_151.pgm,1
imagen_152.pgm,0
imagen_153.pgm,1
imagen_154.pgm,0
imagen_155.pgm,1
imagen_156.pgm,0
imagen_157.pgm,1
imagen_158.pgm,0
imagen_159.pgm,1
imagen_16.pgm,0
imagen_160.pgm,1
imagen_161.pgm,0
imagen_162.pgm,1
imagen_163.pgm,0
imagen_164.pgm,1
imagen_165.pgm,0
imagen_166.pgm,1
imagen_167.pgm,0
imagen_168.pgm,1
imagen_169.pgm,0
imagen_17.pgm,1
imagen_170.pgm,0
imagen_171.pgm,1
imagen_172.pgm,0
imagen_173.pgm,1
imagen_174.pgm,0
imagen_175.pgm,1
imagen_176.pgm,0
imagen_177.pgm,1
imagen_178.pgm,0
imagen_179.pgm,1
imagen_18.pgm,0
imagen_180.pgm,1
imagen_181.pgm,0
imagen_182.pgm,1
imagen_183.pgm,0
imagen_184.pgm,1
imagen_185.pgm,0
imagen_186.pgm,1
imagen_187.pgm,0
imagen_188.pgm,1
imagen_189.pgm,0
imagen_19.pgm,1
imagen_190.pgm,0
imagen_191.pgm,1
imagen_192.pgm,0
imagen_193.pgm,1
imagen_194.pgm,0
imagen_195.pgm,1
imagen_196.pgm,0
imagen_197.pgm,1
imagen_198.pgm,0
imagen_199.pgm,1
imagen_2.pgm,0
imagen_20.pgm,1
imagen_200.pgm,0
imagen_201.pgm,1
imagen_202.pgm,0
imagen_203.pgm,1
imagen_204.pgm,0
imagen_205.pgm,1
imagen_206.pgm,0
imagen_207.pgm,1
imagen_208.pgm,0
imagen_209.pgm,1
imagen_21.pgm,0
imagen_210.pgm,1
imagen_211.pgm,0
imagen_212.pgm,1
imagen_213.pgm,0
imagen_214.pgm,1
imagen_215.pgm,0
imagen_216.pgm,1
imagen_217.pgm,0
imagen_218.pgm,1
imagen_219.pgm,0
imagen_22.pgm,1
imagen_220.pgm,0
imagen_221.pgm,1
imagen_222.pgm,0
imagen_223.pgm,1
imagen_224.pgm,0
imagen_225.pgm,1
imagen_226.pgm,0
imagen_227.pgm,1
imagen_228.pgm,0
imagen_229.pgm,1
imagen_23.pgm,0
imagen_230.pgm,1
imagen_231.pgm,0
imagen_232.pgm,1
imagen_233.pgm,0
imagen_234.pgm,1
imagen_235.pgm,0
imagen_236.pgm,1
imagen_237.pgm,0
imagen_238.pgm,1
imagen_239.pgm,0
imagen_24.pgm,1
imagen_240.pgm,0
imagen_241.pgm,1
imagen_242.pgm,0
imagen_243.pgm,1
imagen_244.pgm,0
imagen_245.pgm,1
imagen_246.pgm,0
imagen_247.pgm,1
imagen_248.pgm,0
imagen_249.pgm,1
imagen_25.pgm,0
imagen_250.pgm,1
imagen_251.pgm,0
imagen_252.pgm,1
imagen_253.pgm,0
imagen_254.pgm,1
imagen_255.pgm,0
imagen_256.pgm,1
imagen_257.pgm,0
imagen_258.pgm,1
imagen_259.pgm,0
imagen_26.pgm,1
imagen_260.pgm,0
imagen_261.pgm,1
imagen_262.pgm,0
imagen_263.pgm,1
imagen_264.pgm,0
imagen_265.pgm,1
imagen_266.pgm,0
imagen_267.pgm,1
imagen_268.pgm,0
imagen_269.pgm,1
imagen_27.pgm,0
imagen_270.pgm,1
imagen_271.pgm,0
imagen_272.pgm,0
imagen_273.pgm,1
imagen_274.pgm,0
imagen_275.pgm,1
imagen_276.pgm,0
imagen_277.pgm,1
imagen_278.pgm,0
imagen_279.pgm,1
imagen_28.pgm,0
imagen_280.pgm,1
imagen_281.pgm,0
imagen_282.pgm,1
imagen_283.pgm,0
imagen_284.pgm,1
imagen_285.pgm,0
imagen_286.pgm,1
imagen_287.pgm,0
imagen_288.pgm,1
imagen_289.pgm,0
imagen_29.pgm,1
imagen_290.pgm,0
imagen_291.pgm,1
imagen_292.pgm,0
imagen_293.pgm,1
imagen_294.pgm,0
imagen_295.pgm,1
imagen_296.pgm,0
imagen_297.pgm,1
imagen_298.pgm,0
imagen_299.pgm,1
imagen_3.pgm,0
imagen_30.pgm,1
imagen_300.pgm,0
imagen_301.pgm,1
imagen_302.pgm,0
imagen_303.pgm,1
imagen_304.pgm,0
imagen_305.pgm,1
imagen_306.pgm,0
imagen_307.pgm,1
imagen_308.pgm,0
imagen_309.pgm,1
imagen_31.pgm,0
imagen_310.pgm,1
imagen_311.pgm,0
imagen_312.pgm,1
imagen_313.pgm,0
imagen_314.pgm,1
imagen_315.pgm,0
imagen_316.pgm,0
imagen_317.pgm,1
imagen_318.pgm,0
imagen_319.pgm,1
imagen_32.pgm,0
imagen_320.pgm,1
imagen_321.pgm,0
imagen_322.pgm,1
imagen_323.pgm,0
imagen_324.pgm,1
imagen_325.pgm,0
imagen_326.pgm,1
imagen_327.pgm,0
imagen_328.pgm,1
imagen_329.pgm,0
imagen_33.pgm,1
imagen_330.pgm,0
imagen_331.pgm,1
imagen_332.pgm,0
imagen_333.pgm,1
imagen_334.pgm,0
imagen_335.pgm,1
imagen_336.pgm,0
imagen_337.pgm,1
imagen_338.pgm,0
imagen_339.pgm,1
imagen_34.pgm,1
imagen_340.pgm,1
imagen_341.pgm,0
imagen_342.pgm,1
imagen_343.pgm,0
imagen_344.pgm,1
imagen_345.pgm,0
imagen_346.pgm,1
imagen_347.pgm,0
imagen_348.pgm,1
imagen_349.pgm,0
imagen_35.pgm,1
imagen_350.pgm,0
imagen_351.pgm,1
imagen_352.pgm,0
imagen_353.pgm,1
imagen_354.pgm,0
imagen_355.pgm,1
imagen_356.pgm,0
imagen_357.pgm,1
imagen_358.pgm,0
imagen_359.pgm,1
imagen_36.pgm,0
imagen_360.pgm,1
imagen_361.pgm,0
imagen_362.pgm,1
imagen_363.pgm,0
imagen_364.pgm,0
imagen_365.pgm,1
imagen_366.pgm,0
imagen_367.pgm,1
imagen_368.pgm,0
imagen_369.pgm,1
imagen_37.pgm,0
imagen_370.pgm,1
imagen_371.pgm,0
imagen_372.pgm,1
imagen_373.pgm,0
imagen_374.pgm,1
imagen_375.pgm,0
imagen_376.pgm,1
imagen_377.pgm,0
imagen_378.pgm,1
imagen_379.pgm,0
imagen_38.pgm,1
imagen_380.pgm,0
imagen_381.pgm,1
imagen_382.pgm,0
imagen_383.pgm,1
imagen_384.pgm,0
imagen_385.pgm,1
imagen_386.pgm,0
imagen_387.pgm,1
imagen_388.pgm,0
imagen_389.pgm,1
imagen_39.pgm,0
imagen_390.pgm,1
imagen_391.pgm,0
imagen_392.pgm,1
imagen_393.pgm,0
imagen_394.pgm,1
imagen_395.pgm,0
imagen_396.pgm,1
imagen_397.pgm,0
imagen_398.pgm,1
imagen_399.pgm,0
imagen_4.pgm,1
imagen_40.pgm,0
imagen_400.pgm,1
imagen_401.pgm,0
imagen_402.pgm,1
imagen_403.pgm,0
imagen_404.pgm,1
imagen_405.pgm,1
imagen_406.pgm,0
imagen_407.pgm,1
imagen_408.pgm,0
imagen_409.pgm,1
imagen_41.pgm,0
imagen_410.pgm,1
imagen_411.pgm,0
imagen_412.pgm,1
imagen_413.pgm,0
imagen_414.pgm,1
imagen_415.pgm,0
imagen_416.pgm,1
imagen_417.pgm,0
imagen_418.pgm,1
imagen_419.pgm,0
imagen_42.pgm,1
imagen_420.pgm,0
imagen_421.pgm,1
imagen_422.pgm,0
imagen_423.pgm,1
imagen_424.pgm,0
imagen_425.pgm,1
imagen_426.pgm,0
imagen_427.pgm,1
imagen_428.pgm,0
imagen_429.pgm,1
imagen_43.pgm,0
imagen_430.pgm,1
imagen_431.pgm,0
imagen_432.pgm,1
imagen_433.pgm,0
imagen_434.pgm,1
imagen_435.pgm,0
imagen_436.pgm,1
imagen_437.pgm,0
imagen_438.pgm,1
imagen_439.pgm,0
imagen_44.pgm,1
imagen_440.pgm,0
imagen_441.pgm,1
imagen_442.pgm,0
imagen_443.pgm,1
imagen_444.pgm,0
imagen_445.pgm,1
imagen_446.pgm,0
imagen_447.pgm,1
imagen_448.pgm,0
imagen_449.pgm,1
imagen_45.pgm,0
imagen_450.pgm,1
imagen_451.pgm,0
imagen_452.pgm,1
imagen_453.pgm,0
imagen_454.pgm,1
imagen_455.pgm,0
imagen_456.pgm,1
imagen_457.pgm,0
imagen_458.pgm,1
imagen_459.pgm,0
imagen_46.pgm,0
imagen_460.pgm,1
imagen_461.pgm,0
imagen_462.pgm,1
imagen_463.pgm,0
imagen_464.pgm,1
imagen_465.pgm,0
imagen_466.pgm,0
imagen_467.pgm,1
imagen_468.pgm,0
imagen_469.pgm,1
imagen_47.pgm,0
imagen_470.pgm,1
imagen_471.pgm,0
imagen_472.pgm,1
imagen_473.pgm,0
imagen_474.pgm,0
imagen_475.pgm,1
imagen_476.pgm,0
imagen_477.pgm,1
imagen_478.pgm,0
imagen_479.pgm,1
imagen_48.pgm,1
imagen_480.pgm,0
imagen_481.pgm,1
imagen_482.pgm,0
imagen_483.pgm,1
imagen_484.pgm,0
imagen_485.pgm,1
imagen_486.pgm,0
imagen_487.pgm,1
imagen_488.pgm,0
imagen_489.pgm,0
imagen_49.pgm,0
imagen_490.pgm,1
imagen_491.pgm,0
imagen_492.pgm,1
imagen_493.pgm,0
imagen_494.pgm,1
imagen_495.pgm,0
imagen_496.pgm,1
imagen_497.pgm,0
imagen_498.pgm,1
imagen_499.pgm,0
imagen_5.pgm,1
imagen_50.pgm,0
imagen_500.pgm,1
imagen_501.pgm,0
imagen_502.pgm,1
imagen_503.pgm,0
imagen_504.pgm,1
imagen_505.pgm,0
imagen_506.pgm,1
imagen_507.pgm,0
imagen_508.pgm,1
imagen_509.pgm,0
imagen_51.pgm,1
imagen_510.pgm,0
imagen_511.pgm,1
imagen_512.pgm,0
imagen_513.pgm,1
imagen_514.pgm,0
imagen_515.pgm,1
imagen_516.pgm,0
imagen_517.pgm,1
imagen_518.pgm,0
imagen_519.pgm,1
imagen_52.pgm,1
imagen_520.pgm,0
imagen_521.pgm,1
imagen_522.pgm,0
imagen_523.pgm,1
imagen_524.pgm,0
imagen_525.pgm,1
imagen_526.pgm,0
imagen_527.pgm,1
imagen_528.pgm,0
imagen_529.pgm,1
imagen_53.pgm,0
imagen_530.pgm,1
imagen_531.pgm,0
imagen_532.pgm,1
imagen_533.pgm,0
imagen_534.pgm,1
imagen_535.pgm,0
imagen_536.pgm,1
imagen_537.pgm,0
imagen_538.pgm,1
imagen_539.pgm,0
imagen_54.pgm,1
imagen_540.pgm,0
imagen_541.pgm,1
imagen_542.pgm,0
imagen_543.pgm,1
imagen_544.pgm,0
imagen_545.pgm,1
imagen_546.pgm,0
imagen_547.pgm,1
imagen_548.pgm,0
imagen_549.pgm,1
imagen_55.pgm,0
imagen_550.pgm,1
imagen_551.pgm,0
imagen_552.pgm,1
imagen_553.pgm,0
imagen_554.pgm,1
imagen_555.pgm,0
imagen_556.pgm,1
imagen_557.pgm,0
imagen_558.pgm,1
imagen_559.pgm,0
imagen_56.pgm,1
imagen_560.pgm,0
imagen_561.pgm,1
imagen_562.pgm,0
imagen_563.pgm,1
imagen_564.pgm,0
imagen_565.pgm,1
imagen_566.pgm,0
imagen_567.pgm,1
imagen_568.pgm,0
imagen_569.pgm,1
imagen_57.pgm,0
imagen_570.pgm,1
imagen_571.pgm,0
imagen_572.pgm,1
imagen_573.pgm,0
imagen_574.pgm,1
imagen_575.pgm,0
imagen_576.pgm,1
imagen_577.pgm,0
imagen_578.pgm,1
imagen_579.pgm,0
imagen_58.pgm,1
imagen_580.pgm,0
imagen_581.pgm,1
imagen_582.pgm,0
imagen_583.pgm,1
imagen_584.pgm,0
imagen_585.pgm,1
imagen_586.pgm,0
imagen_587.pgm,1
imagen_588.pgm,0
imagen_589.pgm,1
imagen_59.pgm,0
imagen_590.pgm,1
imagen_591.pgm,0
imagen_592.pgm,1
imagen_593.pgm,0
imagen_594.pgm,1
imagen_595.pgm,0
imagen_596.pgm,1
imagen_597.pgm,0
imagen_598.pgm,1
imagen_599.pgm,0
imagen_6.pgm,1
imagen_60.pgm,0
imagen_600.pgm,1
imagen_601.pgm,0
imagen_602.pgm,1
imagen_603.pgm,0
imagen_604.pgm,1
imagen_605.pgm,0
imagen_606.pgm,1
imagen_607.pgm,0
imagen_608.pgm,1
imagen_609.pgm,0
imagen_61.pgm,0
imagen_610.pgm,1
imagen_611.pgm,0
imagen_612.pgm,1
imagen_613.pgm,0
imagen_614.pgm,1
imagen_615.pgm,0
imagen_616.pgm,1
imagen_617.pgm,0
imagen_618.pgm,1
imagen_619.pgm,0
imagen_62.pgm,1
imagen_620.pgm,0
imagen_621.pgm,1
imagen_622.pgm,0
imagen_623.pgm,1
imagen_63.pgm,0
imagen_64.pgm,1
imagen_65.pgm,0
imagen_66.pgm,1
imagen_67.pgm,0
imagen_68.pgm,1
imagen_69.pgm,0
imagen_7.pgm,1
imagen_70.pgm,0
imagen_71.pgm,1
imagen_72.pgm,0
imagen_73.pgm,1
imagen_74.pgm,0
imagen_75.pgm,1
imagen_76.pgm,0
imagen_77.pgm,1
imagen_78.pgm,0
imagen_79.pgm,1
imagen_8.pgm,0
imagen_80.pgm,1
imagen_81.pgm,1
imagen_82.pgm,0
imagen_83.pgm,1
imagen_84.pgm,1
imagen_85.pgm,0
imagen_86.pgm,1
imagen_87.pgm,0
imagen_88.pgm,1
imagen_89.pgm,0
imagen_9.pgm,1
imagen_90.pgm,0
imagen_91.pgm,1
imagen_92.pgm,0
imagen_93.pgm,1
imagen_94.pgm,0
imagen_95.pgm,1
imagen_96.pgm,0
imagen_97.pgm,1
imagen_98.pgm,0
imagen_99.pgm,1
